mean_difference,benign_radius_mean,malignant_radius_mean,statistic,p.value,parameter,conf.low,conf.high,method,alternative
-3.4467694388100085,12.185529411764705,15.632298850574713,-13.743284508543624,4.5717579621288384e-26,115.60437073939794,-3.943521682938259,-2.950017194681758,Welch Two Sample t-test,two.sided
