mean_difference,benign_radius_mean,malignant_radius_mean,statistic,p.value,parameter,conf.low,conf.high,method,alternative
-5.316306379155435,12.14652380952381,17.462830188679245,-22.208797758464527,1.6844591259582754e-64,289.71273805157995,-5.787447604188039,-4.8451651541228316,Welch Two Sample t-test,two.sided
